0,the pace of the film is very slow ( for obvious reasons ) and that too becomes off-putting .
0,the gags that fly at such a furiously funny pace that the only rip off that we were aware of was the one we felt when the movie ended so damned soon .
0,labute's careful handling makes the material seem genuine rather than pandering .
0,chabrol has taken promising material for a black comedy and turned it instead into a somber chamber drama .
0,"'[sex and lucia]is so seductive and profound , it's as if we're witnessing a greek myth coil and flower . . . '"
0,there has to be a few advantages to never growing old . like being able to hit on a 15-year old when you're over 100 .
0," "" mr . deeds "" is suitable summer entertainment that offers escapism without requiring a great deal of thought ."
0,"shows that jackie chan is getting older , and that's something i would rather live in denial about"
1,"only nurse bloom knows the spells to ensure that the child will see benevolent spirits , not evil ones , but she hasn't bargained for lena's mother , who scoffs at 'old time ideas' and discreetly disposes of the special tea the nurse has brewed ."
1,"an engineer creates the ultimate weapon in a battle against aliens , only to be suspected as an alien himself ."
1,a boy named frank ( pidgeon ) and his sister caroline ( podbielska ) find themselves in attic town after investigating strange noises coming from the house top .
1,"the tale unfolds as a group of hustlers encounter "" the dean "" and pull off a successful sting that results in their pursuit by a vengeful gangster ."
1,a story about a troubled genius who attempts to build a magnetic engine in hopes of greatly reducing the worlds consumption of fossil fuels and electricity .
1,but it seems they are brought back as one for more than just solving a case .
1,"a slick new york publicist ( farrell ) who picks up a ringing receiver in a phone booth is told that if he hangs up , he'll be killed . . ."
1,"but on the wedding day , they also sign a divorce agreement which is effective one year after their marriage ."
